<type 'exceptions.NameError'>,global name 'meta' is not defined,<traceback object at 0x7f485c3ea950>,http://eciresults.ap.nic.in/ConstituencywiseS011.htm?ac=1
<type 'exceptions.NameError'>,global name 'meta' is not defined,<traceback object at 0x7f485e479bd8>,http://eciresults.ap.nic.in/ConstituencywiseS015.htm?ac=5
<type 'exceptions.NameError'>,global name 'meta' is not defined,<traceback object at 0x7f485c37b050>,http://eciresults.ap.nic.in/ConstituencywiseS017.htm?ac=7
<type 'exceptions.NameError'>,global name 'meta' is not defined,<traceback object at 0x7f485c3e45a8>,http://eciresults.ap.nic.in/ConstituencywiseS018.htm?ac=8
<type 'exceptions.NameError'>,global name 'meta' is not defined,<traceback object at 0x7f485c354830>,http://eciresults.ap.nic.in/ConstituencywiseS012.htm?ac=2
<type 'exceptions.NameError'>,global name 'meta' is not defined,<traceback object at 0x7f485e44c638>,http://eciresults.ap.nic.in/ConstituencywiseS0110.htm?ac=10
<type 'exceptions.NameError'>,global name 'meta' is not defined,<traceback object at 0x7f485c3a2d40>,http://eciresults.ap.nic.in/ConstituencywiseS019.htm?ac=9
<type 'exceptions.NameError'>,global name 'meta' is not defined,<traceback object at 0x7f485e45afc8>,http://eciresults.ap.nic.in/ConstituencywiseS0111.htm?ac=11
<type 'exceptions.NameError'>,global name 'meta' is not defined,<traceback object at 0x7f485c3bcf38>,http://eciresults.ap.nic.in/ConstituencywiseS0112.htm?ac=12
<type 'exceptions.NameError'>,global name 'meta' is not defined,<traceback object at 0x7f485e423368>,http://eciresults.ap.nic.in/ConstituencywiseS0113.htm?ac=13
<type 'exceptions.NameError'>,global name 'meta' is not defined,<traceback object at 0x7f485c3c6050>,http://eciresults.ap.nic.in/ConstituencywiseS0114.htm?ac=14
<type 'exceptions.NameError'>,global name 'meta' is not defined,<traceback object at 0x7f485c3c6bd8>,http://eciresults.ap.nic.in/ConstituencywiseS0115.htm?ac=15
<type 'exceptions.NameError'>,global name 'meta' is not defined,<traceback object at 0x7f485e4c2b00>,http://eciresults.ap.nic.in/ConstituencywiseS0116.htm?ac=16
<type 'exceptions.NameError'>,global name 'meta' is not defined,<traceback object at 0x7f485c3cd998>,http://eciresults.ap.nic.in/ConstituencywiseS0117.htm?ac=17
<type 'exceptions.NameError'>,global name 'meta' is not defined,<traceback object at 0x7f485e4883f8>,http://eciresults.ap.nic.in/ConstituencywiseS0119.htm?ac=19
<type 'exceptions.NameError'>,global name 'meta' is not defined,<traceback object at 0x7f485c3d6c20>,http://eciresults.ap.nic.in/ConstituencywiseS0120.htm?ac=20
<type 'exceptions.NameError'>,global name 'meta' is not defined,<traceback object at 0x7f485e4c2b90>,http://eciresults.ap.nic.in/ConstituencywiseS0121.htm?ac=21
<type 'exceptions.NameError'>,global name 'meta' is not defined,<traceback object at 0x7f485c3d6d88>,http://eciresults.ap.nic.in/ConstituencywiseS0122.htm?ac=22
<type 'exceptions.NameError'>,global name 'meta' is not defined,<traceback object at 0x7f485c3a7170>,http://eciresults.ap.nic.in/ConstituencywiseS0118.htm?ac=18
<type 'exceptions.NameError'>,global name 'meta' is not defined,<traceback object at 0x7f485e43be18>,http://eciresults.ap.nic.in/ConstituencywiseS0123.htm?ac=23
<type 'exceptions.NameError'>,global name 'meta' is not defined,<traceback object at 0x7f485e44cb00>,http://eciresults.ap.nic.in/ConstituencywiseS0124.htm?ac=24
<type 'exceptions.NameError'>,global name 'meta' is not defined,<traceback object at 0x7f485e4882d8>,http://eciresults.ap.nic.in/ConstituencywiseS0126.htm?ac=26
<type 'exceptions.NameError'>,global name 'meta' is not defined,<traceback object at 0x7f485e4887e8>,http://eciresults.ap.nic.in/ConstituencywiseS0127.htm?ac=27
<type 'exceptions.NameError'>,global name 'meta' is not defined,<traceback object at 0x7f485e43bb48>,http://eciresults.ap.nic.in/ConstituencywiseS0125.htm?ac=25
<type 'exceptions.NameError'>,global name 'meta' is not defined,<traceback object at 0x7f485c3cd320>,http://eciresults.ap.nic.in/ConstituencywiseS0128.htm?ac=28
<type 'exceptions.NameError'>,global name 'meta' is not defined,<traceback object at 0x7f485e45afc8>,http://eciresults.ap.nic.in/ConstituencywiseS016.htm?ac=6
<type 'exceptions.NameError'>,global name 'meta' is not defined,<traceback object at 0x7f485e446248>,http://eciresults.ap.nic.in/ConstituencywiseS013.htm?ac=3
<type 'exceptions.NameError'>,global name 'meta' is not defined,<traceback object at 0x7f485c34cb00>,http://eciresults.ap.nic.in/ConstituencywiseS0129.htm?ac=29
