http://eciresults.ap.nic.in/ConstituencywiseS171.htm?ac=1,317,2014-05-16 01:46:35.364552
http://eciresults.ap.nic.in/ConstituencywiseS021.htm?ac=1,1,2014-05-16 01:46:35.350842
http://eciresults.ap.nic.in/ConstituencywiseS022.htm?ac=2,2,2014-05-16 01:46:35.350865
http://eciresults.ap.nic.in/ConstituencywiseS011.htm?ac=1,3,2014-05-16 01:46:35.349393
http://eciresults.ap.nic.in/ConstituencywiseS012.htm?ac=2,4,2014-05-16 01:46:35.349785
http://eciresults.ap.nic.in/ConstituencywiseS013.htm?ac=3,5,2014-05-16 01:46:35.349892
http://eciresults.ap.nic.in/ConstituencywiseS015.htm?ac=5,6,2014-05-16 01:46:35.349922
http://eciresults.ap.nic.in/ConstituencywiseS015.htm?ac=5,7,2014-05-16 01:46:35.349946
http://eciresults.ap.nic.in/ConstituencywiseS016.htm?ac=6,8,2014-05-16 01:46:35.349970
http://eciresults.ap.nic.in/ConstituencywiseS017.htm?ac=7,9,2014-05-16 01:46:35.349994
http://eciresults.ap.nic.in/ConstituencywiseS018.htm?ac=8,10,2014-05-16 01:46:35.350018
http://eciresults.ap.nic.in/ConstituencywiseS019.htm?ac=9,11,2014-05-16 01:46:35.350043
http://eciresults.ap.nic.in/ConstituencywiseS0110.htm?ac=10,12,2014-05-16 01:46:35.350067
http://eciresults.ap.nic.in/ConstituencywiseS0111.htm?ac=11,13,2014-05-16 01:46:35.350091
http://eciresults.ap.nic.in/ConstituencywiseS0112.htm?ac=12,14,2014-05-16 01:46:35.350114
http://eciresults.ap.nic.in/ConstituencywiseS0113.htm?ac=13,15,2014-05-16 01:46:35.350138
http://eciresults.ap.nic.in/ConstituencywiseS0114.htm?ac=14,16,2014-05-16 01:46:35.350162
http://eciresults.ap.nic.in/ConstituencywiseS0115.htm?ac=15,17,2014-05-16 01:46:35.350185
http://eciresults.ap.nic.in/ConstituencywiseS0116.htm?ac=16,18,2014-05-16 01:46:35.350209
http://eciresults.ap.nic.in/ConstituencywiseS0117.htm?ac=17,19,2014-05-16 01:46:35.350233
http://eciresults.ap.nic.in/ConstituencywiseS0118.htm?ac=18,20,2014-05-16 01:46:35.350256
http://eciresults.ap.nic.in/ConstituencywiseS0119.htm?ac=19,21,2014-05-16 01:46:35.350280
http://eciresults.ap.nic.in/ConstituencywiseS0120.htm?ac=20,22,2014-05-16 01:46:35.350303
http://eciresults.ap.nic.in/ConstituencywiseS0121.htm?ac=21,23,2014-05-16 01:46:35.350326
http://eciresults.ap.nic.in/ConstituencywiseS0122.htm?ac=22,24,2014-05-16 01:46:35.350350
http://eciresults.ap.nic.in/ConstituencywiseS0123.htm?ac=23,25,2014-05-16 01:46:35.350373
http://eciresults.ap.nic.in/ConstituencywiseS0124.htm?ac=24,26,2014-05-16 01:46:35.350396
http://eciresults.ap.nic.in/ConstituencywiseS0125.htm?ac=25,27,2014-05-16 01:46:35.350419
http://eciresults.ap.nic.in/ConstituencywiseS0125.htm?ac=25,28,2014-05-16 01:46:35.350443
http://eciresults.ap.nic.in/ConstituencywiseS0126.htm?ac=26,29,2014-05-16 01:46:35.350466
http://eciresults.ap.nic.in/ConstituencywiseS0127.htm?ac=27,30,2014-05-16 01:46:35.350490
http://eciresults.ap.nic.in/ConstituencywiseS0128.htm?ac=28,31,2014-05-16 01:46:35.350513
http://eciresults.ap.nic.in/ConstituencywiseS0129.htm?ac=29,32,2014-05-16 01:46:35.350537
http://eciresults.ap.nic.in/ConstituencywiseS0130.htm?ac=30,33,2014-05-16 01:46:35.350560
http://eciresults.ap.nic.in/ConstituencywiseS0131.htm?ac=31,34,2014-05-16 01:46:35.350584
http://eciresults.ap.nic.in/ConstituencywiseS0132.htm?ac=32,35,2014-05-16 01:46:35.350607
http://eciresults.ap.nic.in/ConstituencywiseS0133.htm?ac=33,36,2014-05-16 01:46:35.350631
http://eciresults.ap.nic.in/ConstituencywiseS0134.htm?ac=34,37,2014-05-16 01:46:35.350654
http://eciresults.ap.nic.in/ConstituencywiseS0135.htm?ac=35,38,2014-05-16 01:46:35.350677
http://eciresults.ap.nic.in/ConstituencywiseS0137.htm?ac=37,39,2014-05-16 01:46:35.350701
http://eciresults.ap.nic.in/ConstituencywiseS0138.htm?ac=38,40,2014-05-16 01:46:35.350724
http://eciresults.ap.nic.in/ConstituencywiseS0139.htm?ac=39,41,2014-05-16 01:46:35.350748
http://eciresults.ap.nic.in/ConstituencywiseS0140.htm?ac=40,42,2014-05-16 01:46:35.350771
http://eciresults.ap.nic.in/ConstituencywiseS0141.htm?ac=41,43,2014-05-16 01:46:35.350795
http://eciresults.ap.nic.in/ConstituencywiseS0142.htm?ac=42,44,2014-05-16 01:46:35.350819
http://eciresults.ap.nic.in/ConstituencywiseS031.htm?ac=1,45,2014-05-16 01:46:35.350888
http://eciresults.ap.nic.in/ConstituencywiseS032.htm?ac=2,46,2014-05-16 01:46:35.350912
http://eciresults.ap.nic.in/ConstituencywiseS033.htm?ac=3,47,2014-05-16 01:46:35.351379
http://eciresults.ap.nic.in/ConstituencywiseS034.htm?ac=4,48,2014-05-16 01:46:35.351502
http://eciresults.ap.nic.in/ConstituencywiseS035.htm?ac=5,49,2014-05-16 01:46:35.351580
http://eciresults.ap.nic.in/ConstituencywiseS036.htm?ac=6,50,2014-05-16 01:46:35.351654
http://eciresults.ap.nic.in/ConstituencywiseS037.htm?ac=7,51,2014-05-16 01:46:35.351776
http://eciresults.ap.nic.in/ConstituencywiseS038.htm?ac=8,52,2014-05-16 01:46:35.351832
http://eciresults.ap.nic.in/ConstituencywiseS039.htm?ac=9,53,2014-05-16 01:46:35.351861
http://eciresults.ap.nic.in/ConstituencywiseS0310.htm?ac=10,54,2014-05-16 01:46:35.351890
http://eciresults.ap.nic.in/ConstituencywiseS0311.htm?ac=11,55,2014-05-16 01:46:35.351919
http://eciresults.ap.nic.in/ConstituencywiseS0312.htm?ac=12,56,2014-05-16 01:46:35.351947
http://eciresults.ap.nic.in/ConstituencywiseS0313.htm?ac=13,57,2014-05-16 01:46:35.351976
http://eciresults.ap.nic.in/ConstituencywiseS0314.htm?ac=14,58,2014-05-16 01:46:35.352005
http://eciresults.ap.nic.in/ConstituencywiseS051.htm?ac=1,59,2014-05-16 01:46:35.353540
http://eciresults.ap.nic.in/ConstituencywiseS052.htm?ac=2,60,2014-05-16 01:46:35.353569
http://eciresults.ap.nic.in/ConstituencywiseS041.htm?ac=1,61,2014-05-16 01:46:35.352034
http://eciresults.ap.nic.in/ConstituencywiseS042.htm?ac=2,62,2014-05-16 01:46:35.352062
http://eciresults.ap.nic.in/ConstituencywiseS043.htm?ac=3,63,2014-05-16 01:46:35.352091
http://eciresults.ap.nic.in/ConstituencywiseS044.htm?ac=4,64,2014-05-16 01:46:35.352119
http://eciresults.ap.nic.in/ConstituencywiseS045.htm?ac=5,65,2014-05-16 01:46:35.352147
http://eciresults.ap.nic.in/ConstituencywiseS046.htm?ac=6,66,2014-05-16 01:46:35.352175
http://eciresults.ap.nic.in/ConstituencywiseS047.htm?ac=7,67,2014-05-16 01:46:35.352203
http://eciresults.ap.nic.in/ConstituencywiseS048.htm?ac=8,68,2014-05-16 01:46:35.352231
http://eciresults.ap.nic.in/ConstituencywiseS049.htm?ac=9,69,2014-05-16 01:46:35.352260
http://eciresults.ap.nic.in/ConstituencywiseS0410.htm?ac=10,70,2014-05-16 01:46:35.352288
http://eciresults.ap.nic.in/ConstituencywiseS0411.htm?ac=11,71,2014-05-16 01:46:35.352317
http://eciresults.ap.nic.in/ConstituencywiseS0412.htm?ac=12,72,2014-05-16 01:46:35.352345
http://eciresults.ap.nic.in/ConstituencywiseS0413.htm?ac=13,73,2014-05-16 01:46:35.352374
http://eciresults.ap.nic.in/ConstituencywiseS061.htm?ac=1,74,2014-05-16 01:46:35.353597
http://eciresults.ap.nic.in/ConstituencywiseS062.htm?ac=2,75,2014-05-16 01:46:35.353625
http://eciresults.ap.nic.in/ConstituencywiseS063.htm?ac=3,77,2014-05-16 01:46:35.353653
http://eciresults.ap.nic.in/ConstituencywiseS064.htm?ac=4,78,2014-05-16 01:46:35.353682
http://eciresults.ap.nic.in/ConstituencywiseS065.htm?ac=5,79,2014-05-16 01:46:35.353710
http://eciresults.ap.nic.in/ConstituencywiseS0414.htm?ac=14,80,2014-05-16 01:46:35.352402
http://eciresults.ap.nic.in/ConstituencywiseS0415.htm?ac=15,81,2014-05-16 01:46:35.352431
http://eciresults.ap.nic.in/ConstituencywiseS0416.htm?ac=16,82,2014-05-16 01:46:35.352459
http://eciresults.ap.nic.in/ConstituencywiseS0417.htm?ac=17,83,2014-05-16 01:46:35.352488
http://eciresults.ap.nic.in/ConstituencywiseS0418.htm?ac=18,84,2014-05-16 01:46:35.352516
http://eciresults.ap.nic.in/ConstituencywiseS0419.htm?ac=19,85,2014-05-16 01:46:35.352545
http://eciresults.ap.nic.in/ConstituencywiseS066.htm?ac=6,86,2014-05-16 01:46:35.353740
http://eciresults.ap.nic.in/ConstituencywiseS067.htm?ac=7,87,2014-05-16 01:46:35.353769
http://eciresults.ap.nic.in/ConstituencywiseS068.htm?ac=8,88,2014-05-16 01:46:35.353797
http://eciresults.ap.nic.in/ConstituencywiseS069.htm?ac=9,89,2014-05-16 01:46:35.353825
http://eciresults.ap.nic.in/ConstituencywiseS0610.htm?ac=10,90,2014-05-16 01:46:35.353853
http://eciresults.ap.nic.in/ConstituencywiseS0611.htm?ac=11,91,2014-05-16 01:46:35.353881
http://eciresults.ap.nic.in/ConstituencywiseS081.htm?ac=1,92,2014-05-16 01:46:35.354610
http://eciresults.ap.nic.in/ConstituencywiseS082.htm?ac=2,93,2014-05-16 01:46:35.354639
http://eciresults.ap.nic.in/ConstituencywiseS083.htm?ac=3,94,2014-05-16 01:46:35.354983
http://eciresults.ap.nic.in/ConstituencywiseS084.htm?ac=4,95,2014-05-16 01:46:35.355033
http://eciresults.ap.nic.in/ConstituencywiseS071.htm?ac=1,96,2014-05-16 01:46:35.354330
http://eciresults.ap.nic.in/ConstituencywiseS072.htm?ac=2,97,2014-05-16 01:46:35.354358
http://eciresults.ap.nic.in/ConstituencywiseS073.htm?ac=3,98,2014-05-16 01:46:35.354386
http://eciresults.ap.nic.in/ConstituencywiseS074.htm?ac=4,99,2014-05-16 01:46:35.354414
http://eciresults.ap.nic.in/ConstituencywiseS075.htm?ac=5,100,2014-05-16 01:46:35.354442
http://eciresults.ap.nic.in/ConstituencywiseS076.htm?ac=6,101,2014-05-16 01:46:35.354470
http://eciresults.ap.nic.in/ConstituencywiseS0420.htm?ac=20,103,2014-05-16 01:46:35.352573
http://eciresults.ap.nic.in/ConstituencywiseS0421.htm?ac=21,104,2014-05-16 01:46:35.352602
http://eciresults.ap.nic.in/ConstituencywiseS0422.htm?ac=22,105,2014-05-16 01:46:35.352630
http://eciresults.ap.nic.in/ConstituencywiseS0423.htm?ac=23,106,2014-05-16 01:46:35.352658
http://eciresults.ap.nic.in/ConstituencywiseS0424.htm?ac=24,107,2014-05-16 01:46:35.352687
http://eciresults.ap.nic.in/ConstituencywiseS0425.htm?ac=25,108,2014-05-16 01:46:35.352715
http://eciresults.ap.nic.in/ConstituencywiseS0612.htm?ac=12,110,2014-05-16 01:46:35.353909
http://eciresults.ap.nic.in/ConstituencywiseS0613.htm?ac=13,111,2014-05-16 01:46:35.353937
http://eciresults.ap.nic.in/ConstituencywiseS0614.htm?ac=14,112,2014-05-16 01:46:35.353965
http://eciresults.ap.nic.in/ConstituencywiseS0615.htm?ac=15,113,2014-05-16 01:46:35.353993
http://eciresults.ap.nic.in/ConstituencywiseS0616.htm?ac=16,114,2014-05-16 01:46:35.354021
http://eciresults.ap.nic.in/ConstituencywiseS0617.htm?ac=17,115,2014-05-16 01:46:35.354049
http://eciresults.ap.nic.in/ConstituencywiseS077.htm?ac=7,116,2014-05-16 01:46:35.354498
http://eciresults.ap.nic.in/ConstituencywiseS078.htm?ac=8,117,2014-05-16 01:46:35.354526
http://eciresults.ap.nic.in/ConstituencywiseS079.htm?ac=9,118,2014-05-16 01:46:35.354554
http://eciresults.ap.nic.in/ConstituencywiseS0710.htm?ac=10,119,2014-05-16 01:46:35.354582
http://eciresults.ap.nic.in/ConstituencywiseS0426.htm?ac=26,120,2014-05-16 01:46:35.352744
http://eciresults.ap.nic.in/ConstituencywiseS0427.htm?ac=27,121,2014-05-16 01:46:35.352772
http://eciresults.ap.nic.in/ConstituencywiseS0428.htm?ac=28,122,2014-05-16 01:46:35.352800
http://eciresults.ap.nic.in/ConstituencywiseS0429.htm?ac=29,123,2014-05-16 01:46:35.352829
http://eciresults.ap.nic.in/ConstituencywiseS0430.htm?ac=30,124,2014-05-16 01:46:35.352857
http://eciresults.ap.nic.in/ConstituencywiseS0431.htm?ac=31,125,2014-05-16 01:46:35.352885
http://eciresults.ap.nic.in/ConstituencywiseS0432.htm?ac=32,126,2014-05-16 01:46:35.352913
http://eciresults.ap.nic.in/ConstituencywiseS0618.htm?ac=18,127,2014-05-16 01:46:35.354077
http://eciresults.ap.nic.in/ConstituencywiseS0619.htm?ac=19,128,2014-05-16 01:46:35.354105
http://eciresults.ap.nic.in/ConstituencywiseS0620.htm?ac=20,129,2014-05-16 01:46:35.354134
http://eciresults.ap.nic.in/ConstituencywiseS0621.htm?ac=21,130,2014-05-16 01:46:35.354162
http://eciresults.ap.nic.in/ConstituencywiseS0622.htm?ac=22,131,2014-05-16 01:46:35.354190
http://eciresults.ap.nic.in/ConstituencywiseS0623.htm?ac=23,132,2014-05-16 01:46:35.354218
http://eciresults.ap.nic.in/ConstituencywiseS0433.htm?ac=33,133,2014-05-16 01:46:35.352942
http://eciresults.ap.nic.in/ConstituencywiseS0434.htm?ac=34,134,2014-05-16 01:46:35.352970
http://eciresults.ap.nic.in/ConstituencywiseS0435.htm?ac=35,135,2014-05-16 01:46:35.353344
http://eciresults.ap.nic.in/ConstituencywiseS0436.htm?ac=36,136,2014-05-16 01:46:35.353394
http://eciresults.ap.nic.in/ConstituencywiseS0437.htm?ac=37,137,2014-05-16 01:46:35.353426
http://eciresults.ap.nic.in/ConstituencywiseS0438.htm?ac=38,138,2014-05-16 01:46:35.353455
http://eciresults.ap.nic.in/ConstituencywiseS0624.htm?ac=24,139,2014-05-16 01:46:35.354246
http://eciresults.ap.nic.in/ConstituencywiseS0625.htm?ac=25,140,2014-05-16 01:46:35.354274
http://eciresults.ap.nic.in/ConstituencywiseS0626.htm?ac=26,141,2014-05-16 01:46:35.354302
http://eciresults.ap.nic.in/ConstituencywiseS0439.htm?ac=39,142,2014-05-16 01:46:35.353483
http://eciresults.ap.nic.in/ConstituencywiseS0440.htm?ac=40,143,2014-05-16 01:46:35.353512
http://eciresults.ap.nic.in/ConstituencywiseS091.htm?ac=1,144,2014-05-16 01:46:35.355064
http://eciresults.ap.nic.in/ConstituencywiseS092.htm?ac=2,145,2014-05-16 01:46:35.355094
http://eciresults.ap.nic.in/ConstituencywiseS093.htm?ac=3,146,2014-05-16 01:46:35.355122
http://eciresults.ap.nic.in/ConstituencywiseS094.htm?ac=4,147,2014-05-16 01:46:35.355151
http://eciresults.ap.nic.in/ConstituencywiseS095.htm?ac=5,148,2014-05-16 01:46:35.355179
http://eciresults.ap.nic.in/ConstituencywiseS096.htm?ac=6,149,2014-05-16 01:46:35.355207
http://eciresults.ap.nic.in/ConstituencywiseS141.htm?ac=1,150,2014-05-16 01:46:35.364137
http://eciresults.ap.nic.in/ConstituencywiseS142.htm?ac=2,151,2014-05-16 01:46:35.364178
http://eciresults.ap.nic.in/ConstituencywiseS151.htm?ac=1,152,2014-05-16 01:46:35.364221
http://eciresults.ap.nic.in/ConstituencywiseS152.htm?ac=2,153,2014-05-16 01:46:35.364464
http://eciresults.ap.nic.in/ConstituencywiseS111.htm?ac=1,154,2014-05-16 01:46:35.356587
http://eciresults.ap.nic.in/ConstituencywiseS112.htm?ac=2,155,2014-05-16 01:46:35.356658
http://eciresults.ap.nic.in/ConstituencywiseS113.htm?ac=3,156,2014-05-16 01:46:35.356729
http://eciresults.ap.nic.in/ConstituencywiseS114.htm?ac=4,157,2014-05-16 01:46:35.356799
http://eciresults.ap.nic.in/ConstituencywiseS115.htm?ac=5,158,2014-05-16 01:46:35.356870
http://eciresults.ap.nic.in/ConstituencywiseS116.htm?ac=6,159,2014-05-16 01:46:35.356941
http://eciresults.ap.nic.in/ConstituencywiseS117.htm?ac=7,160,2014-05-16 01:46:35.357011
http://eciresults.ap.nic.in/ConstituencywiseS101.htm?ac=1,161,2014-05-16 01:46:35.355236
http://eciresults.ap.nic.in/ConstituencywiseS118.htm?ac=8,162,2014-05-16 01:46:35.357081
http://eciresults.ap.nic.in/ConstituencywiseS119.htm?ac=9,163,2014-05-16 01:46:35.357151
http://eciresults.ap.nic.in/ConstituencywiseS1110.htm?ac=10,164,2014-05-16 01:46:35.357637
http://eciresults.ap.nic.in/ConstituencywiseS1111.htm?ac=11,165,2014-05-16 01:46:35.357759
http://eciresults.ap.nic.in/ConstituencywiseS1112.htm?ac=12,166,2014-05-16 01:46:35.357836
http://eciresults.ap.nic.in/ConstituencywiseS1113.htm?ac=13,167,2014-05-16 01:46:35.357908
http://eciresults.ap.nic.in/ConstituencywiseS1114.htm?ac=14,168,2014-05-16 01:46:35.357980
http://eciresults.ap.nic.in/ConstituencywiseS102.htm?ac=2,169,2014-05-16 01:46:35.355264
http://eciresults.ap.nic.in/ConstituencywiseS103.htm?ac=3,170,2014-05-16 01:46:35.355293
http://eciresults.ap.nic.in/ConstituencywiseS104.htm?ac=4,171,2014-05-16 01:46:35.355321
http://eciresults.ap.nic.in/ConstituencywiseS105.htm?ac=5,172,2014-05-16 01:46:35.355349
http://eciresults.ap.nic.in/ConstituencywiseS106.htm?ac=6,173,2014-05-16 01:46:35.355377
http://eciresults.ap.nic.in/ConstituencywiseS107.htm?ac=7,174,2014-05-16 01:46:35.355406
http://eciresults.ap.nic.in/ConstituencywiseS108.htm?ac=8,175,2014-05-16 01:46:35.355433
http://eciresults.ap.nic.in/ConstituencywiseS109.htm?ac=9,176,2014-05-16 01:46:35.355462
http://eciresults.ap.nic.in/ConstituencywiseS121.htm?ac=1,177,2014-05-16 01:46:35.358477
http://eciresults.ap.nic.in/ConstituencywiseS122.htm?ac=2,178,2014-05-16 01:46:35.358534
http://eciresults.ap.nic.in/ConstituencywiseS123.htm?ac=3,179,2014-05-16 01:46:35.358590
http://eciresults.ap.nic.in/ConstituencywiseS124.htm?ac=4,180,2014-05-16 01:46:35.358647
http://eciresults.ap.nic.in/ConstituencywiseS125.htm?ac=5,181,2014-05-16 01:46:35.358703
http://eciresults.ap.nic.in/ConstituencywiseS126.htm?ac=6,182,2014-05-16 01:46:35.358761
http://eciresults.ap.nic.in/ConstituencywiseS127.htm?ac=7,183,2014-05-16 01:46:35.358818
http://eciresults.ap.nic.in/ConstituencywiseS1115.htm?ac=15,184,2014-05-16 01:46:35.358051
http://eciresults.ap.nic.in/ConstituencywiseS1116.htm?ac=16,185,2014-05-16 01:46:35.358122
http://eciresults.ap.nic.in/ConstituencywiseS1117.htm?ac=17,186,2014-05-16 01:46:35.358196
http://eciresults.ap.nic.in/ConstituencywiseS1118.htm?ac=18,187,2014-05-16 01:46:35.358268
http://eciresults.ap.nic.in/ConstituencywiseS1119.htm?ac=19,188,2014-05-16 01:46:35.358339
http://eciresults.ap.nic.in/ConstituencywiseS1120.htm?ac=20,189,2014-05-16 01:46:35.358419
http://eciresults.ap.nic.in/ConstituencywiseS1010.htm?ac=10,190,2014-05-16 01:46:35.355491
http://eciresults.ap.nic.in/ConstituencywiseS1011.htm?ac=11,191,2014-05-16 01:46:35.355519
http://eciresults.ap.nic.in/ConstituencywiseS1012.htm?ac=12,192,2014-05-16 01:46:35.355548
http://eciresults.ap.nic.in/ConstituencywiseS1013.htm?ac=13,193,2014-05-16 01:46:35.355579
http://eciresults.ap.nic.in/ConstituencywiseS1014.htm?ac=14,194,2014-05-16 01:46:35.355608
http://eciresults.ap.nic.in/ConstituencywiseS1015.htm?ac=15,195,2014-05-16 01:46:35.355637
http://eciresults.ap.nic.in/ConstituencywiseS1016.htm?ac=16,196,2014-05-16 01:46:35.355666
http://eciresults.ap.nic.in/ConstituencywiseS128.htm?ac=8,197,2014-05-16 01:46:35.358876
http://eciresults.ap.nic.in/ConstituencywiseS129.htm?ac=9,198,2014-05-16 01:46:35.358932
http://eciresults.ap.nic.in/ConstituencywiseS1210.htm?ac=10,199,2014-05-16 01:46:35.358989
http://eciresults.ap.nic.in/ConstituencywiseS1211.htm?ac=11,200,2014-05-16 01:46:35.359047
http://eciresults.ap.nic.in/ConstituencywiseS1212.htm?ac=12,201,2014-05-16 01:46:35.359104
http://eciresults.ap.nic.in/ConstituencywiseS1213.htm?ac=13,202,2014-05-16 01:46:35.359161
http://eciresults.ap.nic.in/ConstituencywiseS1214.htm?ac=14,203,2014-05-16 01:46:35.359218
http://eciresults.ap.nic.in/ConstituencywiseS1017.htm?ac=17,204,2014-05-16 01:46:35.355694
http://eciresults.ap.nic.in/ConstituencywiseS1018.htm?ac=18,205,2014-05-16 01:46:35.355748
http://eciresults.ap.nic.in/ConstituencywiseS1019.htm?ac=19,206,2014-05-16 01:46:35.355858
http://eciresults.ap.nic.in/ConstituencywiseS1020.htm?ac=20,207,2014-05-16 01:46:35.355935
http://eciresults.ap.nic.in/ConstituencywiseS1021.htm?ac=21,208,2014-05-16 01:46:35.356011
http://eciresults.ap.nic.in/ConstituencywiseS1022.htm?ac=22,209,2014-05-16 01:46:35.356084
http://eciresults.ap.nic.in/ConstituencywiseS1023.htm?ac=23,210,2014-05-16 01:46:35.356160
http://eciresults.ap.nic.in/ConstituencywiseS1215.htm?ac=15,211,2014-05-16 01:46:35.359274
http://eciresults.ap.nic.in/ConstituencywiseS1216.htm?ac=16,212,2014-05-16 01:46:35.359331
http://eciresults.ap.nic.in/ConstituencywiseS1217.htm?ac=17,213,2014-05-16 01:46:35.359386
http://eciresults.ap.nic.in/ConstituencywiseS1218.htm?ac=18,214,2014-05-16 01:46:35.359443
http://eciresults.ap.nic.in/ConstituencywiseS1219.htm?ac=19,215,2014-05-16 01:46:35.359500
http://eciresults.ap.nic.in/ConstituencywiseS1220.htm?ac=20,216,2014-05-16 01:46:35.359575
http://eciresults.ap.nic.in/ConstituencywiseS1221.htm?ac=21,217,2014-05-16 01:46:35.359648
http://eciresults.ap.nic.in/ConstituencywiseS1024.htm?ac=24,218,2014-05-16 01:46:35.356232
http://eciresults.ap.nic.in/ConstituencywiseS1025.htm?ac=25,219,2014-05-16 01:46:35.356304
http://eciresults.ap.nic.in/ConstituencywiseS1026.htm?ac=26,220,2014-05-16 01:46:35.356374
http://eciresults.ap.nic.in/ConstituencywiseS1027.htm?ac=27,221,2014-05-16 01:46:35.356445
http://eciresults.ap.nic.in/ConstituencywiseS1028.htm?ac=28,222,2014-05-16 01:46:35.356516
http://eciresults.ap.nic.in/ConstituencywiseS1222.htm?ac=22,223,2014-05-16 01:46:35.359772
http://eciresults.ap.nic.in/ConstituencywiseS1223.htm?ac=23,224,2014-05-16 01:46:35.359861
http://eciresults.ap.nic.in/ConstituencywiseS1224.htm?ac=24,225,2014-05-16 01:46:35.359934
http://eciresults.ap.nic.in/ConstituencywiseS1225.htm?ac=25,226,2014-05-16 01:46:35.360005
http://eciresults.ap.nic.in/ConstituencywiseS1226.htm?ac=26,227,2014-05-16 01:46:35.360076
http://eciresults.ap.nic.in/ConstituencywiseS1226.htm?ac=26,228,2014-05-16 01:46:35.360147
http://eciresults.ap.nic.in/ConstituencywiseS1227.htm?ac=27,229,2014-05-16 01:46:35.360220
http://eciresults.ap.nic.in/ConstituencywiseS1229.htm?ac=29,230,2014-05-16 01:46:35.360291
http://eciresults.ap.nic.in/ConstituencywiseS131.htm?ac=1,231,2014-05-16 01:46:35.360362
http://eciresults.ap.nic.in/ConstituencywiseS132.htm?ac=2,232,2014-05-16 01:46:35.360433
http://eciresults.ap.nic.in/ConstituencywiseS133.htm?ac=3,233,2014-05-16 01:46:35.360504
http://eciresults.ap.nic.in/ConstituencywiseS134.htm?ac=4,234,2014-05-16 01:46:35.360575
http://eciresults.ap.nic.in/ConstituencywiseS135.htm?ac=5,235,2014-05-16 01:46:35.360645
http://eciresults.ap.nic.in/ConstituencywiseS136.htm?ac=6,236,2014-05-16 01:46:35.360715
http://eciresults.ap.nic.in/ConstituencywiseS137.htm?ac=7,237,2014-05-16 01:46:35.361244
http://eciresults.ap.nic.in/ConstituencywiseS138.htm?ac=8,238,2014-05-16 01:46:35.361362
http://eciresults.ap.nic.in/ConstituencywiseS139.htm?ac=9,239,2014-05-16 01:46:35.361449
http://eciresults.ap.nic.in/ConstituencywiseS1310.htm?ac=10,240,2014-05-16 01:46:35.361545
http://eciresults.ap.nic.in/ConstituencywiseS1311.htm?ac=11,241,2014-05-16 01:46:35.361617
http://eciresults.ap.nic.in/ConstituencywiseS1312.htm?ac=12,242,2014-05-16 01:46:35.361693
http://eciresults.ap.nic.in/ConstituencywiseS1313.htm?ac=13,243,2014-05-16 01:46:35.361765
http://eciresults.ap.nic.in/ConstituencywiseS1314.htm?ac=14,244,2014-05-16 01:46:35.361837
http://eciresults.ap.nic.in/ConstituencywiseS1315.htm?ac=15,245,2014-05-16 01:46:35.361908
http://eciresults.ap.nic.in/ConstituencywiseS1316.htm?ac=16,246,2014-05-16 01:46:35.361979
http://eciresults.ap.nic.in/ConstituencywiseS1317.htm?ac=17,247,2014-05-16 01:46:35.362075
http://eciresults.ap.nic.in/ConstituencywiseS1318.htm?ac=18,248,2014-05-16 01:46:35.362147
http://eciresults.ap.nic.in/ConstituencywiseS1319.htm?ac=19,249,2014-05-16 01:46:35.362219
http://eciresults.ap.nic.in/ConstituencywiseS1320.htm?ac=20,250,2014-05-16 01:46:35.362290
http://eciresults.ap.nic.in/ConstituencywiseS1321.htm?ac=21,251,2014-05-16 01:46:35.362360
http://eciresults.ap.nic.in/ConstituencywiseS1322.htm?ac=22,252,2014-05-16 01:46:35.362431
http://eciresults.ap.nic.in/ConstituencywiseS1323.htm?ac=23,253,2014-05-16 01:46:35.362502
http://eciresults.ap.nic.in/ConstituencywiseS1324.htm?ac=24,254,2014-05-16 01:46:35.362573
http://eciresults.ap.nic.in/ConstituencywiseS1325.htm?ac=25,255,2014-05-16 01:46:35.362642
http://eciresults.ap.nic.in/ConstituencywiseS1326.htm?ac=26,256,2014-05-16 01:46:35.362712
http://eciresults.ap.nic.in/ConstituencywiseS1327.htm?ac=27,257,2014-05-16 01:46:35.362783
http://eciresults.ap.nic.in/ConstituencywiseS1328.htm?ac=28,258,2014-05-16 01:46:35.362854
http://eciresults.ap.nic.in/ConstituencywiseS1329.htm?ac=29,259,2014-05-16 01:46:35.362924
http://eciresults.ap.nic.in/ConstituencywiseS1330.htm?ac=30,260,2014-05-16 01:46:35.362994
http://eciresults.ap.nic.in/ConstituencywiseS1331.htm?ac=31,261,2014-05-16 01:46:35.363063
http://eciresults.ap.nic.in/ConstituencywiseS1332.htm?ac=32,262,2014-05-16 01:46:35.363133
http://eciresults.ap.nic.in/ConstituencywiseS1333.htm?ac=33,263,2014-05-16 01:46:35.363210
http://eciresults.ap.nic.in/ConstituencywiseS1334.htm?ac=34,264,2014-05-16 01:46:35.363268
http://eciresults.ap.nic.in/ConstituencywiseS1335.htm?ac=35,265,2014-05-16 01:46:35.363325
http://eciresults.ap.nic.in/ConstituencywiseS1336.htm?ac=36,266,2014-05-16 01:46:35.363399
http://eciresults.ap.nic.in/ConstituencywiseS1337.htm?ac=37,267,2014-05-16 01:46:35.363470
http://eciresults.ap.nic.in/ConstituencywiseS1338.htm?ac=38,268,2014-05-16 01:46:35.363540
http://eciresults.ap.nic.in/ConstituencywiseS1339.htm?ac=39,269,2014-05-16 01:46:35.363622
http://eciresults.ap.nic.in/ConstituencywiseS1340.htm?ac=40,270,2014-05-16 01:46:35.363745
http://eciresults.ap.nic.in/ConstituencywiseS1341.htm?ac=41,271,2014-05-16 01:46:35.363801
http://eciresults.ap.nic.in/ConstituencywiseS1342.htm?ac=42,272,2014-05-16 01:46:35.363841
http://eciresults.ap.nic.in/ConstituencywiseS1343.htm?ac=43,273,2014-05-16 01:46:35.363883
http://eciresults.ap.nic.in/ConstituencywiseS1344.htm?ac=44,274,2014-05-16 01:46:35.363924
http://eciresults.ap.nic.in/ConstituencywiseS1345.htm?ac=45,275,2014-05-16 01:46:35.363961
http://eciresults.ap.nic.in/ConstituencywiseS1346.htm?ac=46,276,2014-05-16 01:46:35.364002
http://eciresults.ap.nic.in/ConstituencywiseS1347.htm?ac=47,277,2014-05-16 01:46:35.364046
http://eciresults.ap.nic.in/ConstituencywiseS1348.htm?ac=48,278,2014-05-16 01:46:35.364094
http://eciresults.ap.nic.in/ConstituencywiseS161.htm?ac=1,279,2014-05-16 01:46:35.364511
http://eciresults.ap.nic.in/ConstituencywiseS181.htm?ac=1,280,2014-05-16 01:46:35.364595
http://eciresults.ap.nic.in/ConstituencywiseS182.htm?ac=2,281,2014-05-16 01:46:35.364638
http://eciresults.ap.nic.in/ConstituencywiseS183.htm?ac=3,282,2014-05-16 01:46:35.364681
http://eciresults.ap.nic.in/ConstituencywiseS184.htm?ac=4,283,2014-05-16 01:46:35.364725
http://eciresults.ap.nic.in/ConstituencywiseS185.htm?ac=5,284,2014-05-16 01:46:35.364768
http://eciresults.ap.nic.in/ConstituencywiseS186.htm?ac=6,285,2014-05-16 01:46:35.364814
http://eciresults.ap.nic.in/ConstituencywiseS187.htm?ac=7,286,2014-05-16 01:46:35.364851
http://eciresults.ap.nic.in/ConstituencywiseS188.htm?ac=8,287,2014-05-16 01:46:35.364877
http://eciresults.ap.nic.in/ConstituencywiseS189.htm?ac=9,288,2014-05-16 01:46:35.364901
http://eciresults.ap.nic.in/ConstituencywiseS191.htm?ac=1,289,2014-05-16 01:46:35.365212
http://eciresults.ap.nic.in/ConstituencywiseS192.htm?ac=2,290,2014-05-16 01:46:35.365235
http://eciresults.ap.nic.in/ConstituencywiseS193.htm?ac=3,291,2014-05-16 01:46:35.365259
http://eciresults.ap.nic.in/ConstituencywiseS194.htm?ac=4,292,2014-05-16 01:46:35.365286
http://eciresults.ap.nic.in/ConstituencywiseS195.htm?ac=5,293,2014-05-16 01:46:35.365309
http://eciresults.ap.nic.in/ConstituencywiseS196.htm?ac=6,294,2014-05-16 01:46:35.365333
http://eciresults.ap.nic.in/ConstituencywiseS1810.htm?ac=10,295,2014-05-16 01:46:35.364925
http://eciresults.ap.nic.in/ConstituencywiseS1811.htm?ac=11,296,2014-05-16 01:46:35.364949
http://eciresults.ap.nic.in/ConstituencywiseS1812.htm?ac=12,297,2014-05-16 01:46:35.364973
http://eciresults.ap.nic.in/ConstituencywiseS1813.htm?ac=13,298,2014-05-16 01:46:35.364998
http://eciresults.ap.nic.in/ConstituencywiseS1814.htm?ac=14,299,2014-05-16 01:46:35.365022
http://eciresults.ap.nic.in/ConstituencywiseS1815.htm?ac=15,300,2014-05-16 01:46:35.365046
http://eciresults.ap.nic.in/ConstituencywiseS1816.htm?ac=16,301,2014-05-16 01:46:35.365070
http://eciresults.ap.nic.in/ConstituencywiseS197.htm?ac=7,302,2014-05-16 01:46:35.365356
http://eciresults.ap.nic.in/ConstituencywiseS198.htm?ac=8,303,2014-05-16 01:46:35.365379
http://eciresults.ap.nic.in/ConstituencywiseS199.htm?ac=9,304,2014-05-16 01:46:35.365403
http://eciresults.ap.nic.in/ConstituencywiseS1910.htm?ac=10,305,2014-05-16 01:46:35.365426
http://eciresults.ap.nic.in/ConstituencywiseS1911.htm?ac=11,306,2014-05-16 01:46:35.365450
http://eciresults.ap.nic.in/ConstituencywiseS1912.htm?ac=12,307,2014-05-16 01:46:35.365474
http://eciresults.ap.nic.in/ConstituencywiseS1913.htm?ac=13,308,2014-05-16 01:46:35.365497
http://eciresults.ap.nic.in/ConstituencywiseS211.htm?ac=1,309,2014-05-16 01:46:35.366731
http://eciresults.ap.nic.in/ConstituencywiseS221.htm?ac=1,310,2014-05-16 01:46:35.366773
http://eciresults.ap.nic.in/ConstituencywiseS222.htm?ac=2,311,2014-05-16 01:46:35.366811
http://eciresults.ap.nic.in/ConstituencywiseS223.htm?ac=3,312,2014-05-16 01:46:35.366850
http://eciresults.ap.nic.in/ConstituencywiseS224.htm?ac=4,313,2014-05-16 01:46:35.366891
http://eciresults.ap.nic.in/ConstituencywiseS225.htm?ac=5,314,2014-05-16 01:46:35.366937
http://eciresults.ap.nic.in/ConstituencywiseS226.htm?ac=6,315,2014-05-16 01:46:35.366981
http://eciresults.ap.nic.in/ConstituencywiseS227.htm?ac=7,316,2014-05-16 01:46:35.367022
http://eciresults.ap.nic.in/ConstituencywiseS1817.htm?ac=17,318,2014-05-16 01:46:35.365094
http://eciresults.ap.nic.in/ConstituencywiseS1818.htm?ac=18,319,2014-05-16 01:46:35.365118
http://eciresults.ap.nic.in/ConstituencywiseS1819.htm?ac=19,320,2014-05-16 01:46:35.365141
http://eciresults.ap.nic.in/ConstituencywiseS1820.htm?ac=20,321,2014-05-16 01:46:35.365165
http://eciresults.ap.nic.in/ConstituencywiseS1821.htm?ac=21,322,2014-05-16 01:46:35.365189
http://eciresults.ap.nic.in/ConstituencywiseS228.htm?ac=8,323,2014-05-16 01:46:35.367067
http://eciresults.ap.nic.in/ConstituencywiseS229.htm?ac=9,324,2014-05-16 01:46:35.367109
http://eciresults.ap.nic.in/ConstituencywiseS2210.htm?ac=10,325,2014-05-16 01:46:35.367150
http://eciresults.ap.nic.in/ConstituencywiseS2211.htm?ac=11,326,2014-05-16 01:46:35.367191
http://eciresults.ap.nic.in/ConstituencywiseS2212.htm?ac=12,327,2014-05-16 01:46:35.367230
http://eciresults.ap.nic.in/ConstituencywiseS2213.htm?ac=13,328,2014-05-16 01:46:35.367271
http://eciresults.ap.nic.in/ConstituencywiseS2214.htm?ac=14,329,2014-05-16 01:46:35.367313
http://eciresults.ap.nic.in/ConstituencywiseS201.htm?ac=1,330,2014-05-16 01:46:35.365521
http://eciresults.ap.nic.in/ConstituencywiseS202.htm?ac=2,331,2014-05-16 01:46:35.365544
http://eciresults.ap.nic.in/ConstituencywiseS203.htm?ac=3,332,2014-05-16 01:46:35.365568
http://eciresults.ap.nic.in/ConstituencywiseS204.htm?ac=4,333,2014-05-16 01:46:35.365592
http://eciresults.ap.nic.in/ConstituencywiseS205.htm?ac=5,334,2014-05-16 01:46:35.365615
http://eciresults.ap.nic.in/ConstituencywiseS206.htm?ac=6,335,2014-05-16 01:46:35.365639
http://eciresults.ap.nic.in/ConstituencywiseS207.htm?ac=7,336,2014-05-16 01:46:35.365663
http://eciresults.ap.nic.in/ConstituencywiseS231.htm?ac=1,337,2014-05-16 01:46:35.368686
http://eciresults.ap.nic.in/ConstituencywiseS232.htm?ac=2,338,2014-05-16 01:46:35.368710
http://eciresults.ap.nic.in/ConstituencywiseS2215.htm?ac=15,339,2014-05-16 01:46:35.367358
http://eciresults.ap.nic.in/ConstituencywiseS2216.htm?ac=16,340,2014-05-16 01:46:35.367405
http://eciresults.ap.nic.in/ConstituencywiseS2218.htm?ac=18,341,2014-05-16 01:46:35.367456
http://eciresults.ap.nic.in/ConstituencywiseS2218.htm?ac=18,342,2014-05-16 01:46:35.367500
http://eciresults.ap.nic.in/ConstituencywiseS2219.htm?ac=19,343,2014-05-16 01:46:35.367545
http://eciresults.ap.nic.in/ConstituencywiseS2220.htm?ac=20,344,2014-05-16 01:46:35.367578
http://eciresults.ap.nic.in/ConstituencywiseS2221.htm?ac=21,345,2014-05-16 01:46:35.367603
http://eciresults.ap.nic.in/ConstituencywiseS208.htm?ac=8,346,2014-05-16 01:46:35.365686
http://eciresults.ap.nic.in/ConstituencywiseS209.htm?ac=9,347,2014-05-16 01:46:35.365710
http://eciresults.ap.nic.in/ConstituencywiseS2010.htm?ac=10,348,2014-05-16 01:46:35.365989
http://eciresults.ap.nic.in/ConstituencywiseS2011.htm?ac=11,349,2014-05-16 01:46:35.366047
http://eciresults.ap.nic.in/ConstituencywiseS2012.htm?ac=12,350,2014-05-16 01:46:35.366092
http://eciresults.ap.nic.in/ConstituencywiseS2013.htm?ac=13,351,2014-05-16 01:46:35.366139
http://eciresults.ap.nic.in/ConstituencywiseS2014.htm?ac=14,352,2014-05-16 01:46:35.366185
http://eciresults.ap.nic.in/ConstituencywiseS2222.htm?ac=22,353,2014-05-16 01:46:35.367629
http://eciresults.ap.nic.in/ConstituencywiseS2223.htm?ac=23,354,2014-05-16 01:46:35.367653
http://eciresults.ap.nic.in/ConstituencywiseS2224.htm?ac=24,355,2014-05-16 01:46:35.367679
http://eciresults.ap.nic.in/ConstituencywiseS2225.htm?ac=25,356,2014-05-16 01:46:35.367717
http://eciresults.ap.nic.in/ConstituencywiseS2226.htm?ac=26,357,2014-05-16 01:46:35.367744
http://eciresults.ap.nic.in/ConstituencywiseS2227.htm?ac=27,358,2014-05-16 01:46:35.367768
http://eciresults.ap.nic.in/ConstituencywiseS2228.htm?ac=28,359,2014-05-16 01:46:35.367792
http://eciresults.ap.nic.in/ConstituencywiseS2015.htm?ac=15,360,2014-05-16 01:46:35.366230
http://eciresults.ap.nic.in/ConstituencywiseS2016.htm?ac=16,361,2014-05-16 01:46:35.366277
http://eciresults.ap.nic.in/ConstituencywiseS2017.htm?ac=17,362,2014-05-16 01:46:35.366322
http://eciresults.ap.nic.in/ConstituencywiseS2018.htm?ac=18,363,2014-05-16 01:46:35.366368
http://eciresults.ap.nic.in/ConstituencywiseS2019.htm?ac=19,364,2014-05-16 01:46:35.366414
http://eciresults.ap.nic.in/ConstituencywiseS2020.htm?ac=20,365,2014-05-16 01:46:35.366459
http://eciresults.ap.nic.in/ConstituencywiseS2021.htm?ac=21,366,2014-05-16 01:46:35.366505
http://eciresults.ap.nic.in/ConstituencywiseS2022.htm?ac=22,367,2014-05-16 01:46:35.366550
http://eciresults.ap.nic.in/ConstituencywiseS2229.htm?ac=29,368,2014-05-16 01:46:35.368390
http://eciresults.ap.nic.in/ConstituencywiseS2231.htm?ac=31,369,2014-05-16 01:46:35.368440
http://eciresults.ap.nic.in/ConstituencywiseS2232.htm?ac=32,370,2014-05-16 01:46:35.368466
http://eciresults.ap.nic.in/ConstituencywiseS2233.htm?ac=33,371,2014-05-16 01:46:35.368491
http://eciresults.ap.nic.in/ConstituencywiseS2233.htm?ac=33,372,2014-05-16 01:46:35.368518
http://eciresults.ap.nic.in/ConstituencywiseS2234.htm?ac=34,373,2014-05-16 01:46:35.368542
http://eciresults.ap.nic.in/ConstituencywiseS2235.htm?ac=35,374,2014-05-16 01:46:35.368566
http://eciresults.ap.nic.in/ConstituencywiseS2023.htm?ac=23,375,2014-05-16 01:46:35.366595
http://eciresults.ap.nic.in/ConstituencywiseS2024.htm?ac=24,376,2014-05-16 01:46:35.366641
http://eciresults.ap.nic.in/ConstituencywiseS2025.htm?ac=25,377,2014-05-16 01:46:35.366686
http://eciresults.ap.nic.in/ConstituencywiseS2236.htm?ac=36,378,2014-05-16 01:46:35.368590
http://eciresults.ap.nic.in/ConstituencywiseS2237.htm?ac=37,379,2014-05-16 01:46:35.368614
http://eciresults.ap.nic.in/ConstituencywiseS2238.htm?ac=38,380,2014-05-16 01:46:35.368638
http://eciresults.ap.nic.in/ConstituencywiseS2239.htm?ac=39,381,2014-05-16 01:46:35.368662
http://eciresults.ap.nic.in/ConstituencywiseS281.htm?ac=1,382,2014-05-16 01:46:35.373313
http://eciresults.ap.nic.in/ConstituencywiseS282.htm?ac=2,383,2014-05-16 01:46:35.373337
http://eciresults.ap.nic.in/ConstituencywiseS283.htm?ac=3,384,2014-05-16 01:46:35.373360
http://eciresults.ap.nic.in/ConstituencywiseS284.htm?ac=4,385,2014-05-16 01:46:35.373384
http://eciresults.ap.nic.in/ConstituencywiseS285.htm?ac=5,386,2014-05-16 01:46:35.373407
http://eciresults.ap.nic.in/ConstituencywiseS261.htm?ac=1,387,2014-05-16 01:46:35.372706
http://eciresults.ap.nic.in/ConstituencywiseS262.htm?ac=2,388,2014-05-16 01:46:35.372746
http://eciresults.ap.nic.in/ConstituencywiseS263.htm?ac=3,389,2014-05-16 01:46:35.372772
http://eciresults.ap.nic.in/ConstituencywiseS264.htm?ac=4,390,2014-05-16 01:46:35.372796
http://eciresults.ap.nic.in/ConstituencywiseS271.htm?ac=1,391,2014-05-16 01:46:35.372985
http://eciresults.ap.nic.in/ConstituencywiseS272.htm?ac=2,392,2014-05-16 01:46:35.373008
http://eciresults.ap.nic.in/ConstituencywiseS273.htm?ac=3,393,2014-05-16 01:46:35.373032
http://eciresults.ap.nic.in/ConstituencywiseS274.htm?ac=4,394,2014-05-16 01:46:35.373055
http://eciresults.ap.nic.in/ConstituencywiseS275.htm?ac=5,395,2014-05-16 01:46:35.373078
http://eciresults.ap.nic.in/ConstituencywiseS265.htm?ac=5,396,2014-05-16 01:46:35.372820
http://eciresults.ap.nic.in/ConstituencywiseS266.htm?ac=6,397,2014-05-16 01:46:35.372843
http://eciresults.ap.nic.in/ConstituencywiseS267.htm?ac=7,398,2014-05-16 01:46:35.372867
http://eciresults.ap.nic.in/ConstituencywiseS268.htm?ac=8,399,2014-05-16 01:46:35.372891
http://eciresults.ap.nic.in/ConstituencywiseS269.htm?ac=9,400,2014-05-16 01:46:35.372914
http://eciresults.ap.nic.in/ConstituencywiseS2610.htm?ac=10,401,2014-05-16 01:46:35.372938
http://eciresults.ap.nic.in/ConstituencywiseS2611.htm?ac=11,402,2014-05-16 01:46:35.372961
http://eciresults.ap.nic.in/ConstituencywiseS276.htm?ac=6,403,2014-05-16 01:46:35.373102
http://eciresults.ap.nic.in/ConstituencywiseS277.htm?ac=7,404,2014-05-16 01:46:35.373125
http://eciresults.ap.nic.in/ConstituencywiseS278.htm?ac=8,405,2014-05-16 01:46:35.373149
http://eciresults.ap.nic.in/ConstituencywiseS279.htm?ac=9,406,2014-05-16 01:46:35.373172
http://eciresults.ap.nic.in/ConstituencywiseS2710.htm?ac=10,407,2014-05-16 01:46:35.373196
http://eciresults.ap.nic.in/ConstituencywiseS2711.htm?ac=11,408,2014-05-16 01:46:35.373219
http://eciresults.ap.nic.in/ConstituencywiseS2712.htm?ac=12,409,2014-05-16 01:46:35.373242
http://eciresults.ap.nic.in/ConstituencywiseS251.htm?ac=1,410,2014-05-16 01:46:35.371361
http://eciresults.ap.nic.in/ConstituencywiseS252.htm?ac=2,411,2014-05-16 01:46:35.371384
http://eciresults.ap.nic.in/ConstituencywiseS253.htm?ac=3,412,2014-05-16 01:46:35.371408
http://eciresults.ap.nic.in/ConstituencywiseS254.htm?ac=4,413,2014-05-16 01:46:35.371432
http://eciresults.ap.nic.in/ConstituencywiseS255.htm?ac=5,414,2014-05-16 01:46:35.371455
http://eciresults.ap.nic.in/ConstituencywiseS256.htm?ac=6,415,2014-05-16 01:46:35.371479
http://eciresults.ap.nic.in/ConstituencywiseS257.htm?ac=7,416,2014-05-16 01:46:35.371502
http://eciresults.ap.nic.in/ConstituencywiseS2713.htm?ac=13,417,2014-05-16 01:46:35.373266
http://eciresults.ap.nic.in/ConstituencywiseS2714.htm?ac=14,418,2014-05-16 01:46:35.373289
http://eciresults.ap.nic.in/ConstituencywiseS258.htm?ac=8,419,2014-05-16 01:46:35.371525
http://eciresults.ap.nic.in/ConstituencywiseS259.htm?ac=9,420,2014-05-16 01:46:35.371549
http://eciresults.ap.nic.in/ConstituencywiseS2510.htm?ac=10,421,2014-05-16 01:46:35.371572
http://eciresults.ap.nic.in/ConstituencywiseS2511.htm?ac=11,422,2014-05-16 01:46:35.371599
http://eciresults.ap.nic.in/ConstituencywiseS2512.htm?ac=12,423,2014-05-16 01:46:35.371637
http://eciresults.ap.nic.in/ConstituencywiseS2513.htm?ac=13,424,2014-05-16 01:46:35.371673
http://eciresults.ap.nic.in/ConstituencywiseS2514.htm?ac=14,425,2014-05-16 01:46:35.371699
http://eciresults.ap.nic.in/ConstituencywiseS2515.htm?ac=15,426,2014-05-16 01:46:35.371740
http://eciresults.ap.nic.in/ConstituencywiseS2516.htm?ac=16,427,2014-05-16 01:46:35.371767
http://eciresults.ap.nic.in/ConstituencywiseS2517.htm?ac=17,428,2014-05-16 01:46:35.371791
http://eciresults.ap.nic.in/ConstituencywiseS2518.htm?ac=18,429,2014-05-16 01:46:35.371815
http://eciresults.ap.nic.in/ConstituencywiseS2519.htm?ac=19,430,2014-05-16 01:46:35.371839
http://eciresults.ap.nic.in/ConstituencywiseS2520.htm?ac=20,431,2014-05-16 01:46:35.371862
http://eciresults.ap.nic.in/ConstituencywiseS2521.htm?ac=21,432,2014-05-16 01:46:35.371886
http://eciresults.ap.nic.in/ConstituencywiseS2522.htm?ac=22,433,2014-05-16 01:46:35.371909
http://eciresults.ap.nic.in/ConstituencywiseS2523.htm?ac=23,434,2014-05-16 01:46:35.371933
http://eciresults.ap.nic.in/ConstituencywiseS2524.htm?ac=24,435,2014-05-16 01:46:35.371956
http://eciresults.ap.nic.in/ConstituencywiseS2525.htm?ac=25,436,2014-05-16 01:46:35.371980
http://eciresults.ap.nic.in/ConstituencywiseS2526.htm?ac=26,438,2014-05-16 01:46:35.372003
http://eciresults.ap.nic.in/ConstituencywiseS2527.htm?ac=27,439,2014-05-16 01:46:35.372027
http://eciresults.ap.nic.in/ConstituencywiseS2528.htm?ac=28,440,2014-05-16 01:46:35.372050
http://eciresults.ap.nic.in/ConstituencywiseS2529.htm?ac=29,441,2014-05-16 01:46:35.372074
http://eciresults.ap.nic.in/ConstituencywiseS2530.htm?ac=30,442,2014-05-16 01:46:35.372097
http://eciresults.ap.nic.in/ConstituencywiseS2531.htm?ac=31,443,2014-05-16 01:46:35.372120
http://eciresults.ap.nic.in/ConstituencywiseS2532.htm?ac=32,444,2014-05-16 01:46:35.372144
http://eciresults.ap.nic.in/ConstituencywiseS2533.htm?ac=33,445,2014-05-16 01:46:35.372167
http://eciresults.ap.nic.in/ConstituencywiseS2534.htm?ac=34,446,2014-05-16 01:46:35.372191
http://eciresults.ap.nic.in/ConstituencywiseS2535.htm?ac=35,447,2014-05-16 01:46:35.372215
http://eciresults.ap.nic.in/ConstituencywiseS2536.htm?ac=36,448,2014-05-16 01:46:35.372238
http://eciresults.ap.nic.in/ConstituencywiseS2537.htm?ac=37,449,2014-05-16 01:46:35.372262
http://eciresults.ap.nic.in/ConstituencywiseS2538.htm?ac=38,450,2014-05-16 01:46:35.372285
http://eciresults.ap.nic.in/ConstituencywiseS2539.htm?ac=39,451,2014-05-16 01:46:35.372309
http://eciresults.ap.nic.in/ConstituencywiseS2540.htm?ac=40,452,2014-05-16 01:46:35.372333
http://eciresults.ap.nic.in/ConstituencywiseS2541.htm?ac=41,453,2014-05-16 01:46:35.372356
http://eciresults.ap.nic.in/ConstituencywiseS2542.htm?ac=42,454,2014-05-16 01:46:35.372380
http://eciresults.ap.nic.in/ConstituencywiseS241.htm?ac=1,455,2014-05-16 01:46:35.368733
http://eciresults.ap.nic.in/ConstituencywiseS242.htm?ac=2,456,2014-05-16 01:46:35.368757
http://eciresults.ap.nic.in/ConstituencywiseS243.htm?ac=3,457,2014-05-16 01:46:35.368781
http://eciresults.ap.nic.in/ConstituencywiseS244.htm?ac=4,458,2014-05-16 01:46:35.368805
http://eciresults.ap.nic.in/ConstituencywiseS245.htm?ac=5,459,2014-05-16 01:46:35.368828
http://eciresults.ap.nic.in/ConstituencywiseS246.htm?ac=6,460,2014-05-16 01:46:35.368852
http://eciresults.ap.nic.in/ConstituencywiseS247.htm?ac=7,461,2014-05-16 01:46:35.368875
http://eciresults.ap.nic.in/ConstituencywiseS248.htm?ac=8,462,2014-05-16 01:46:35.368899
http://eciresults.ap.nic.in/ConstituencywiseS249.htm?ac=9,463,2014-05-16 01:46:35.368922
http://eciresults.ap.nic.in/ConstituencywiseS2410.htm?ac=10,464,2014-05-16 01:46:35.368946
http://eciresults.ap.nic.in/ConstituencywiseS2411.htm?ac=11,465,2014-05-16 01:46:35.368969
http://eciresults.ap.nic.in/ConstituencywiseS2412.htm?ac=12,466,2014-05-16 01:46:35.368992
http://eciresults.ap.nic.in/ConstituencywiseS2413.htm?ac=13,467,2014-05-16 01:46:35.369016
http://eciresults.ap.nic.in/ConstituencywiseS2414.htm?ac=14,468,2014-05-16 01:46:35.369039
http://eciresults.ap.nic.in/ConstituencywiseS2415.htm?ac=15,469,2014-05-16 01:46:35.369063
http://eciresults.ap.nic.in/ConstituencywiseS2416.htm?ac=16,470,2014-05-16 01:46:35.369086
http://eciresults.ap.nic.in/ConstituencywiseS2417.htm?ac=17,471,2014-05-16 01:46:35.369110
http://eciresults.ap.nic.in/ConstituencywiseS2418.htm?ac=18,472,2014-05-16 01:46:35.369133
http://eciresults.ap.nic.in/ConstituencywiseS2419.htm?ac=19,473,2014-05-16 01:46:35.369157
http://eciresults.ap.nic.in/ConstituencywiseS2420.htm?ac=20,474,2014-05-16 01:46:35.369180
http://eciresults.ap.nic.in/ConstituencywiseS2421.htm?ac=21,475,2014-05-16 01:46:35.369204
http://eciresults.ap.nic.in/ConstituencywiseS2422.htm?ac=22,476,2014-05-16 01:46:35.369227
http://eciresults.ap.nic.in/ConstituencywiseS2423.htm?ac=23,477,2014-05-16 01:46:35.369250
http://eciresults.ap.nic.in/ConstituencywiseS2424.htm?ac=24,478,2014-05-16 01:46:35.369274
http://eciresults.ap.nic.in/ConstituencywiseS2425.htm?ac=25,479,2014-05-16 01:46:35.369297
http://eciresults.ap.nic.in/ConstituencywiseS2426.htm?ac=26,480,2014-05-16 01:46:35.369320
http://eciresults.ap.nic.in/ConstituencywiseS2427.htm?ac=27,481,2014-05-16 01:46:35.369344
http://eciresults.ap.nic.in/ConstituencywiseS2428.htm?ac=28,482,2014-05-16 01:46:35.369368
http://eciresults.ap.nic.in/ConstituencywiseS2429.htm?ac=29,483,2014-05-16 01:46:35.369391
http://eciresults.ap.nic.in/ConstituencywiseS2430.htm?ac=30,484,2014-05-16 01:46:35.369414
http://eciresults.ap.nic.in/ConstituencywiseS2431.htm?ac=31,485,2014-05-16 01:46:35.369438
http://eciresults.ap.nic.in/ConstituencywiseS2432.htm?ac=32,486,2014-05-16 01:46:35.369461
http://eciresults.ap.nic.in/ConstituencywiseS2433.htm?ac=33,487,2014-05-16 01:46:35.369884
http://eciresults.ap.nic.in/ConstituencywiseS2434.htm?ac=34,488,2014-05-16 01:46:35.369925
http://eciresults.ap.nic.in/ConstituencywiseS2435.htm?ac=35,489,2014-05-16 01:46:35.369952
http://eciresults.ap.nic.in/ConstituencywiseS2436.htm?ac=36,490,2014-05-16 01:46:35.369977
http://eciresults.ap.nic.in/ConstituencywiseS2437.htm?ac=37,491,2014-05-16 01:46:35.370001
http://eciresults.ap.nic.in/ConstituencywiseS2438.htm?ac=38,492,2014-05-16 01:46:35.370024
http://eciresults.ap.nic.in/ConstituencywiseS2439.htm?ac=39,493,2014-05-16 01:46:35.370048
http://eciresults.ap.nic.in/ConstituencywiseS2440.htm?ac=40,494,2014-05-16 01:46:35.370072
http://eciresults.ap.nic.in/ConstituencywiseS2441.htm?ac=41,495,2014-05-16 01:46:35.370095
http://eciresults.ap.nic.in/ConstituencywiseS2442.htm?ac=42,496,2014-05-16 01:46:35.370119
http://eciresults.ap.nic.in/ConstituencywiseS2443.htm?ac=43,497,2014-05-16 01:46:35.370142
http://eciresults.ap.nic.in/ConstituencywiseS2444.htm?ac=44,498,2014-05-16 01:46:35.370166
http://eciresults.ap.nic.in/ConstituencywiseS2445.htm?ac=45,499,2014-05-16 01:46:35.370189
http://eciresults.ap.nic.in/ConstituencywiseS2446.htm?ac=46,500,2014-05-16 01:46:35.370213
http://eciresults.ap.nic.in/ConstituencywiseS2447.htm?ac=47,501,2014-05-16 01:46:35.370237
http://eciresults.ap.nic.in/ConstituencywiseS2448.htm?ac=48,502,2014-05-16 01:46:35.370260
http://eciresults.ap.nic.in/ConstituencywiseS2449.htm?ac=49,503,2014-05-16 01:46:35.370283
http://eciresults.ap.nic.in/ConstituencywiseS2450.htm?ac=50,504,2014-05-16 01:46:35.370307
http://eciresults.ap.nic.in/ConstituencywiseS2451.htm?ac=51,505,2014-05-16 01:46:35.370331
http://eciresults.ap.nic.in/ConstituencywiseS2452.htm?ac=52,506,2014-05-16 01:46:35.370354
http://eciresults.ap.nic.in/ConstituencywiseS2453.htm?ac=53,507,2014-05-16 01:46:35.370378
http://eciresults.ap.nic.in/ConstituencywiseS2454.htm?ac=54,508,2014-05-16 01:46:35.370402
http://eciresults.ap.nic.in/ConstituencywiseS2455.htm?ac=55,509,2014-05-16 01:46:35.370425
http://eciresults.ap.nic.in/ConstituencywiseS2456.htm?ac=56,510,2014-05-16 01:46:35.370449
http://eciresults.ap.nic.in/ConstituencywiseS2457.htm?ac=57,511,2014-05-16 01:46:35.370472
http://eciresults.ap.nic.in/ConstituencywiseS2458.htm?ac=58,512,2014-05-16 01:46:35.370496
http://eciresults.ap.nic.in/ConstituencywiseS2459.htm?ac=59,513,2014-05-16 01:46:35.370519
http://eciresults.ap.nic.in/ConstituencywiseS2460.htm?ac=60,514,2014-05-16 01:46:35.370543
http://eciresults.ap.nic.in/ConstituencywiseS2461.htm?ac=61,515,2014-05-16 01:46:35.370567
http://eciresults.ap.nic.in/ConstituencywiseS2462.htm?ac=62,516,2014-05-16 01:46:35.370590
http://eciresults.ap.nic.in/ConstituencywiseS2463.htm?ac=63,517,2014-05-16 01:46:35.370614
http://eciresults.ap.nic.in/ConstituencywiseS2464.htm?ac=64,518,2014-05-16 01:46:35.370638
http://eciresults.ap.nic.in/ConstituencywiseS2465.htm?ac=65,519,2014-05-16 01:46:35.370662
http://eciresults.ap.nic.in/ConstituencywiseS2466.htm?ac=66,520,2014-05-16 01:46:35.370685
http://eciresults.ap.nic.in/ConstituencywiseS2467.htm?ac=67,521,2014-05-16 01:46:35.370709
http://eciresults.ap.nic.in/ConstituencywiseS2468.htm?ac=68,522,2014-05-16 01:46:35.370732
http://eciresults.ap.nic.in/ConstituencywiseS2469.htm?ac=69,523,2014-05-16 01:46:35.370756
http://eciresults.ap.nic.in/ConstituencywiseS2470.htm?ac=70,524,2014-05-16 01:46:35.370780
http://eciresults.ap.nic.in/ConstituencywiseS2471.htm?ac=71,525,2014-05-16 01:46:35.370803
http://eciresults.ap.nic.in/ConstituencywiseS2472.htm?ac=72,526,2014-05-16 01:46:35.370827
http://eciresults.ap.nic.in/ConstituencywiseS2472.htm?ac=72,527,2014-05-16 01:46:35.370850
http://eciresults.ap.nic.in/ConstituencywiseS2474.htm?ac=74,528,2014-05-16 01:46:35.370874
http://eciresults.ap.nic.in/ConstituencywiseS2475.htm?ac=75,529,2014-05-16 01:46:35.370898
http://eciresults.ap.nic.in/ConstituencywiseS2476.htm?ac=76,530,2014-05-16 01:46:35.370922
http://eciresults.ap.nic.in/ConstituencywiseS2477.htm?ac=77,531,2014-05-16 01:46:35.370946
http://eciresults.ap.nic.in/ConstituencywiseS2478.htm?ac=78,532,2014-05-16 01:46:35.371271
http://eciresults.ap.nic.in/ConstituencywiseS2479.htm?ac=79,533,2014-05-16 01:46:35.371311
http://eciresults.ap.nic.in/ConstituencywiseS2480.htm?ac=80,534,2014-05-16 01:46:35.371337
http://eciresults.ap.nic.in/ConstituencywiseU051.htm?ac=1,535,2014-05-16 01:46:35.373524
http://eciresults.ap.nic.in/ConstituencywiseU052.htm?ac=2,536,2014-05-16 01:46:35.373547
http://eciresults.ap.nic.in/ConstituencywiseU053.htm?ac=3,537,2014-05-16 01:46:35.373570
http://eciresults.ap.nic.in/ConstituencywiseU054.htm?ac=4,538,2014-05-16 01:46:35.373593
http://eciresults.ap.nic.in/ConstituencywiseU055.htm?ac=5,539,2014-05-16 01:46:35.373617
http://eciresults.ap.nic.in/ConstituencywiseU056.htm?ac=6,540,2014-05-16 01:46:35.373640
http://eciresults.ap.nic.in/ConstituencywiseU057.htm?ac=7,541,2014-05-16 01:46:35.373663
http://eciresults.ap.nic.in/ConstituencywiseU011.htm?ac=1,542,2014-05-16 01:46:35.373431
http://eciresults.ap.nic.in/ConstituencywiseU061.htm?ac=1,543,2014-05-16 01:46:35.373686
http://eciresults.ap.nic.in/ConstituencywiseU041.htm?ac=1,544,2014-05-16 01:46:35.373501
http://eciresults.ap.nic.in/ConstituencywiseU031.htm?ac=1,545,2014-05-16 01:46:35.373477
http://eciresults.ap.nic.in/ConstituencywiseU071.htm?ac=1,546,2014-05-16 01:46:35.373710
http://eciresults.ap.nic.in/ConstituencywiseU021.htm?ac=1,547,2014-05-16 01:46:35.373454
